appliance,mae,f1,activation_threshold_watts
fridge,50.16107952107183,0.7749077490774908,50.0
