appliance,mae,f1,activation_threshold_watts
fridge,64.70292129516602,0.542713567839196,50.0
