appliance,mae,f1,activation_threshold_watts
fridge,65.10194144971443,0.5480769230769231,50.0
