appliance,mae,f1,activation_threshold_watts
fridge,75.89010176965944,0.5282024248813917,50.0
