appliance,mae,f1,activation_threshold_watts
fridge,63.466573911724666,0.6708860759493671,50.0
