appliance,mae,f1,activation_threshold_watts
fridge,68.27840247876716,0.5714285714285714,50.0
