appliance,mae,f1,activation_threshold_watts
fridge,80.61212418876053,0.09423233143785541,50.0
