appliance,mae,f1,activation_threshold_watts
fridge,70.06964995171509,0.5932971014492754,50.0
