appliance,mae,f1,activation_threshold_watts
fridge,67.4807789773652,0.43902439024390244,50.0
