appliance,mae,f1,activation_threshold_watts
fridge,64.37491257118457,0.572972972972973,50.0
