appliance,mae,f1,activation_threshold_watts
fridge,47.56622141092982,0.6297627606038821,50.0
