appliance,mae,f1,activation_threshold_watts
fridge,77.3648126021125,0.4577249575551783,50.0
