appliance,mae,f1,activation_threshold_watts
fridge,66.22991097190163,0.5373134328358209,50.0
