appliance,mae,f1,activation_threshold_watts
fridge,51.69390269514368,0.7339544513457557,50.0
