appliance,mae,f1,activation_threshold_watts
fridge,64.8756930033366,0.42962962962962964,50.0
