appliance,mae,f1,activation_threshold_watts
fridge,64.57724000468399,0.5522388059701493,50.0
