appliance,mae,f1,activation_threshold_watts
fridge,55.69343657177506,0.6106870229007634,50.0
