appliance,mae,f1,activation_threshold_watts
fridge,51.05107402295777,0.6956521739130435,50.0
