appliance,mae,f1,activation_threshold_watts
fridge,74.6559315999349,0.5656565656565656,50.0
