appliance,mae,f1,activation_threshold_watts
fridge,59.870992957461965,0.6024096385542169,50.0
