appliance,mae,f1,activation_threshold_watts
fridge,54.58942287807578,0.6605005440696409,50.0
