appliance,mae,f1,activation_threshold_watts
fridge,75.23787369732155,0.552246340232206,50.0
