appliance,mae,f1,activation_threshold_watts
fridge,83.4164730668147,0.4843592330978809,50.0
