appliance,mae,f1,activation_threshold_watts
fridge,75.09606734333616,0.5595238095238095,50.0
