appliance,mae,f1,activation_threshold_watts
fridge,58.961372784018224,0.3617021276595745,50.0
