appliance,mae,f1,activation_threshold_watts
fridge,65.41159857547645,0.5714285714285714,50.0
