appliance,mae,f1,activation_threshold_watts
fridge,67.96155716175537,0.49270286047869233,50.0
