appliance,mae,f1,activation_threshold_watts
fridge,65.94588824185458,0.5204081632653061,50.0
