appliance,mae,f1,activation_threshold_watts
fridge,59.75135531237051,0.6230179028132993,50.0
