appliance,mae,f1,activation_threshold_watts
fridge,64.40070326834014,0.2830188679245283,50.0
