appliance,mae,f1,activation_threshold_watts
fridge,80.39781646295027,0.5591397849462365,50.0
