appliance,mae,f1,activation_threshold_watts
fridge,52.47425219279355,0.7544696066746126,50.0
