appliance,mae,f1,activation_threshold_watts
fridge,55.16483326916723,0.7232237539766702,50.0
