appliance,mae,f1,activation_threshold_watts
fridge,57.121829589970375,0.7049441786283892,50.0
