appliance,mae,f1,activation_threshold_watts
fridge,50.4624921532433,0.7619047619047619,50.0
