appliance,mae,f1,activation_threshold_watts
fridge,57.85253362260223,0.6823760432007855,50.0
