appliance,mae,f1,activation_threshold_watts
fridge,54.32845676125878,0.7417893544733862,50.0
