appliance,mae,f1,activation_threshold_watts
fridge,48.85083207484484,0.7222222222222222,50.0
