appliance,mae,f1,activation_threshold_watts
fridge,51.52079797947046,0.6762589928057554,50.0
