appliance,mae,f1,activation_threshold_watts
fridge,62.82093141512437,0.4793388429752066,50.0
