appliance,mae,f1,activation_threshold_watts
fridge,53.34687239485275,0.7031164570803717,50.0
