appliance,mae,f1,activation_threshold_watts
fridge,74.32171284068714,0.5108695652173914,50.0
