appliance,mae,f1,activation_threshold_watts
fridge,68.67490207715468,0.4755244755244755,50.0
