appliance,mae,f1,activation_threshold_watts
fridge,86.13061621580638,0.36409185803757826,50.0
