appliance,mae,f1,activation_threshold_watts
fridge,53.353500161849546,0.7354024197790636,50.0
