appliance,mae,f1,activation_threshold_watts
fridge,64.49929539073597,0.5714285714285714,50.0
