appliance,mae,f1,activation_threshold_watts
fridge,67.7687899199399,0.47368421052631576,50.0
