appliance,mae,f1,activation_threshold_watts
fridge,54.065213318560744,0.6944099378881987,50.0
