appliance,mae,f1,activation_threshold_watts
fridge,79.81554373037191,0.3577981651376147,50.0
