appliance,mae,f1,activation_threshold_watts
fridge,66.30443735989657,0.6077348066298343,50.0
