appliance,mae,f1,activation_threshold_watts
fridge,62.77500978691724,0.6515723270440251,50.0
