appliance,mae,f1,activation_threshold_watts
fridge,60.38425872896743,0.6304709141274238,50.0
