appliance,mae,f1,activation_threshold_watts
fridge,53.020587476089844,0.7147258163894024,50.0
