appliance,mae,f1,activation_threshold_watts
fridge,58.6810422567955,0.6993339676498572,50.0
