appliance,mae,f1,activation_threshold_watts
fridge,67.60642892377317,0.5616186388718577,50.0
