appliance,mae,f1,activation_threshold_watts
fridge,50.45475676731097,0.7720430107526882,50.0
