appliance,mae,f1,activation_threshold_watts
fridge,77.49438587639456,0.4795031055900621,50.0
