appliance,mae,f1,activation_threshold_watts
fridge,77.52564305544288,0.4795031055900621,50.0
