appliance,mae,f1,activation_threshold_watts
fridge,65.69422766945578,0.3790849673202614,50.0
