appliance,mae,f1,activation_threshold_watts
fridge,73.5868104650986,0.5641025641025641,50.0
