appliance,mae,f1,activation_threshold_watts
fridge,51.84024867723665,0.6223880597014926,50.0
