appliance,mae,f1,activation_threshold_watts
fridge,75.2941414899637,0.4672581326573722,50.0
