appliance,mae,f1,activation_threshold_watts
fridge,51.25933642855699,0.6995979322228604,50.0
