appliance,mae,f1,activation_threshold_watts
fridge,55.12972308661144,0.6333333333333333,50.0
