appliance,mae,f1,activation_threshold_watts
fridge,52.73454189300537,0.6993865030674846,50.0
