appliance,mae,f1,activation_threshold_watts
fridge,47.90795617817606,0.6335227272727273,50.0
