appliance,mae,f1,activation_threshold_watts
fridge,57.495228253679315,0.6646433990895296,50.0
