appliance,mae,f1,activation_threshold_watts
fridge,64.7361913738924,0.3898305084745763,50.0
