appliance,mae,f1,activation_threshold_watts
fridge,59.35959053154596,0.6444695259593679,50.0
