appliance,mae,f1,activation_threshold_watts
fridge,77.05774179753524,0.37881508078994613,50.0
