appliance,mae,f1,activation_threshold_watts
fridge,62.17641909631978,0.6617429837518464,50.0
