appliance,mae,f1,activation_threshold_watts
fridge,54.487121529694576,0.663891779396462,50.0
