appliance,mae,f1,activation_threshold_watts
fridge,52.70154621194001,0.6268836648583485,50.0
