appliance,mae,f1,activation_threshold_watts
fridge,54.81200240742076,0.6593406593406593,50.0
