appliance,mae,f1,activation_threshold_watts
fridge,78.92690552517564,0.5922662750856583,50.0
