appliance,mae,f1,activation_threshold_watts
fridge,66.90765348492246,0.5714285714285714,50.0
