appliance,mae,f1,activation_threshold_watts
fridge,49.23668589321227,0.6938775510204082,50.0
