appliance,mae,f1,activation_threshold_watts
fridge,59.201249450806415,0.5655172413793104,50.0
