appliance,mae,f1,activation_threshold_watts
fridge,70.2866124324744,0.5197992191857222,50.0
