appliance,mae,f1,activation_threshold_watts
fridge,54.43345240710358,0.6723313860860329,50.0
