appliance,mae,f1,activation_threshold_watts
fridge,112.83738583832076,0.4251968503937008,50.0
