appliance,mae,f1,activation_threshold_watts
fridge,57.31504865802042,0.6481700118063755,50.0
