appliance,mae,f1,activation_threshold_watts
fridge,76.82691671149014,0.47130102040816324,50.0
