appliance,mae,f1,activation_threshold_watts
fridge,65.21267306009928,0.5410628019323671,50.0
