appliance,mae,f1,activation_threshold_watts
fridge,48.783403754138824,0.6212338593974175,50.0
