appliance,mae,f1,activation_threshold_watts
fridge,48.47668775518735,0.7567567567567568,50.0
