appliance,mae,f1,activation_threshold_watts
fridge,58.464138967636366,0.6697936210131332,50.0
