appliance,mae,f1,activation_threshold_watts
fridge,81.745640409246,0.23522090852520225,50.0
