appliance,mae,f1,activation_threshold_watts
fridge,51.92504793532144,0.7052476704266798,50.0
