appliance,mae,f1,activation_threshold_watts
fridge,64.39446794914477,0.49382716049382713,50.0
