appliance,mae,f1,activation_threshold_watts
fridge,47.728980313036956,0.7114882506527415,50.0
