appliance,mae,f1,activation_threshold_watts
fridge,49.32925575419201,0.707242848447961,50.0
