appliance,mae,f1,activation_threshold_watts
fridge,65.59908019123655,0.47297297297297297,50.0
