appliance,mae,f1,activation_threshold_watts
fridge,77.98091520960716,0.45320197044334976,50.0
