appliance,mae,f1,activation_threshold_watts
fridge,49.22593407897778,0.7433734939759036,50.0
