appliance,mae,f1,activation_threshold_watts
fridge,56.898813317038794,0.5470085470085471,50.0
