appliance,mae,f1,activation_threshold_watts
fridge,67.51049472912659,0.6472831267874166,50.0
