appliance,mae,f1,activation_threshold_watts
fridge,50.27672529444585,0.6924205378973105,50.0
