appliance,mae,f1,activation_threshold_watts
fridge,65.10976957841353,0.5535714285714286,50.0
