appliance,mae,f1,activation_threshold_watts
fridge,69.1776751243707,0.44755244755244755,50.0
