appliance,mae,f1,activation_threshold_watts
fridge,63.99449506817442,0.16666666666666666,50.0
