appliance,mae,f1,activation_threshold_watts
fridge,53.99084122542179,0.691358024691358,50.0
