appliance,mae,f1,activation_threshold_watts
fridge,65.18583029544715,0.5263157894736842,50.0
