appliance,mae,f1,activation_threshold_watts
fridge,71.67241111524177,0.5753424657534246,50.0
