appliance,mae,f1,activation_threshold_watts
fridge,160.6610411770416,0.5730337078651685,50.0
