appliance,mae,f1,activation_threshold_watts
fridge,141.94125041672677,0.445859872611465,50.0
