appliance,mae,f1,activation_threshold_watts
fridge,77.4753539652801,0.4795031055900621,50.0
