appliance,mae,f1,activation_threshold_watts
fridge,68.9893261533795,0.5764192139737991,50.0
