appliance,mae,f1,activation_threshold_watts
fridge,65.68404282078599,0.5488372093023256,50.0
