appliance,mae,f1,activation_threshold_watts
fridge,65.04111658732096,0.5662100456621004,50.0
