appliance,mae,f1,activation_threshold_watts
fridge,54.952857777582835,0.6695232994108195,50.0
