appliance,mae,f1,activation_threshold_watts
fridge,64.45113072250828,0.32323232323232326,50.0
