appliance,mae,f1,activation_threshold_watts
fridge,79.94363597270065,0.49974606399187405,50.0
