appliance,mae,f1,activation_threshold_watts
fridge,60.547311307535026,0.029850746268656716,50.0
