appliance,mae,f1,activation_threshold_watts
fridge,437.56128771232835,0.5714285714285714,50.0
