appliance,mae,f1,activation_threshold_watts
fridge,78.16690644378366,0.4520884520884521,50.0
