appliance,mae,f1,activation_threshold_watts
fridge,57.785217632216956,0.6507072905331882,50.0
