appliance,mae,f1,activation_threshold_watts
fridge,51.15612912683776,0.6666666666666666,50.0
