appliance,mae,f1,activation_threshold_watts
fridge,49.82703293604986,0.7594412829798242,50.0
