appliance,mae,f1,activation_threshold_watts
fridge,65.13912376635002,0.5714285714285714,50.0
