appliance,mae,f1,activation_threshold_watts
fridge,67.56420985135165,0.5088757396449705,50.0
